,DATE,Rate_Men,Rate_Women
0,1/1/2000,3.9,4.1
1,1/1/2000,3.9,4.1
2,2/1/2000,4.1,4.1
3,2/1/2000,4.1,4.1
4,3/1/2000,3.8,4.3
5,3/1/2000,3.8,4.3
6,4/1/2000,3.7,4
7,4/1/2000,3.7,4
8,5/1/2000,3.9,4.2
9,5/1/2000,3.9,4.2
10,6/1/2000,3.8,4.1
11,6/1/2000,3.8,4.1
12,7/1/2000,3.9,4.2
13,7/1/2000,3.9,4.2
14,8/1/2000,3.9,4.3
15,8/1/2000,3.9,4.3
16,9/1/2000,3.9,4
17,9/1/2000,3.9,4
18,10/1/2000,3.9,3.9
19,10/1/2000,3.9,3.9
20,11/1/2000,3.9,4
21,11/1/2000,3.9,4
22,12/1/2000,4,3.8
23,12/1/2000,4,3.8
24,1/1/2001,4.2,4.1
25,1/1/2001,4.2,4.1
26,2/1/2001,4.3,4.2
27,2/1/2001,4.3,4.2
28,3/1/2001,4.3,4.2
29,3/1/2001,4.3,4.2
30,4/1/2001,4.5,4.3
31,4/1/2001,4.5,4.3
32,5/1/2001,4.4,4.2
33,5/1/2001,4.4,4.2
34,6/1/2001,4.6,4.4
35,6/1/2001,4.6,4.4
36,7/1/2001,4.6,4.5
37,7/1/2001,4.6,4.5
38,8/1/2001,5,4.8
39,8/1/2001,5,4.8
40,9/1/2001,4.9,5
41,9/1/2001,4.9,5
42,10/1/2001,5.4,5.2
43,10/1/2001,5.4,5.2
44,11/1/2001,5.7,5.4
45,11/1/2001,5.7,5.4
46,12/1/2001,5.8,5.7
47,12/1/2001,5.8,5.7
48,1/1/2002,5.8,5.5
49,1/1/2002,5.8,5.5
50,2/1/2002,5.8,5.5
51,2/1/2002,5.8,5.5
52,3/1/2002,5.9,5.6
53,3/1/2002,5.9,5.6
54,4/1/2002,6,5.9
55,4/1/2002,6,5.9
56,5/1/2002,5.8,5.7
57,5/1/2002,5.8,5.7
58,6/1/2002,6,5.6
59,6/1/2002,6,5.6
60,7/1/2002,5.9,5.7
61,7/1/2002,5.9,5.7
62,8/1/2002,5.9,5.5
63,8/1/2002,5.9,5.5
64,9/1/2002,5.9,5.5
65,9/1/2002,5.9,5.5
66,10/1/2002,5.8,5.6
67,10/1/2002,5.8,5.6
68,11/1/2002,6.1,5.6
69,11/1/2002,6.1,5.6
70,12/1/2002,6.2,5.7
71,12/1/2002,6.2,5.7
72,1/1/2003,6.2,5.4
73,1/1/2003,6.2,5.4
74,2/1/2003,6.1,5.6
75,2/1/2003,6.1,5.6
76,3/1/2003,6.1,5.7
77,3/1/2003,6.1,5.7
78,4/1/2003,6.4,5.7
79,4/1/2003,6.4,5.7
80,5/1/2003,6.4,5.7
81,5/1/2003,6.4,5.7
82,6/1/2003,6.7,5.9
83,6/1/2003,6.7,5.9
84,7/1/2003,6.6,5.7
85,7/1/2003,6.6,5.7
86,8/1/2003,6.3,5.8
87,8/1/2003,6.3,5.8
88,9/1/2003,6.4,5.8
89,9/1/2003,6.4,5.8
90,10/1/2003,6.2,5.7
91,10/1/2003,6.2,5.7
92,11/1/2003,6.2,5.4
93,11/1/2003,6.2,5.4
94,12/1/2003,5.8,5.6
95,12/1/2003,5.8,5.6
96,1/1/2004,5.7,5.7
97,1/1/2004,5.7,5.7
98,2/1/2004,5.6,5.5
99,2/1/2004,5.6,5.5
100,3/1/2004,5.8,5.8
101,3/1/2004,5.8,5.8
102,4/1/2004,5.7,5.4
103,4/1/2004,5.7,5.4
104,5/1/2004,5.8,5.4
105,5/1/2004,5.8,5.4
106,6/1/2004,5.7,5.6
107,6/1/2004,5.7,5.6
108,7/1/2004,5.5,5.5
109,7/1/2004,5.5,5.5
110,8/1/2004,5.6,5.2
111,8/1/2004,5.6,5.2
112,9/1/2004,5.6,5.2
113,9/1/2004,5.6,5.2
114,10/1/2004,5.6,5.3
115,10/1/2004,5.6,5.3
116,11/1/2004,5.5,5.2
117,11/1/2004,5.5,5.2
118,12/1/2004,5.5,5.1
119,12/1/2004,5.5,5.1
120,1/1/2005,5.4,5.1
121,1/1/2005,5.4,5.1
122,2/1/2005,5.5,5.3
123,2/1/2005,5.5,5.3
124,3/1/2005,5.3,5.1
125,3/1/2005,5.3,5.1
126,4/1/2005,5.1,5.2
127,4/1/2005,5.1,5.2
128,5/1/2005,5,5.2
129,5/1/2005,5,5.2
130,6/1/2005,5,5.1
131,6/1/2005,5,5.1
132,7/1/2005,4.9,5.1
133,7/1/2005,4.9,5.1
134,8/1/2005,4.9,4.9
135,8/1/2005,4.9,4.9
136,9/1/2005,5,5.1
137,9/1/2005,5,5.1
138,10/1/2005,4.8,5.1
139,10/1/2005,4.8,5.1
140,11/1/2005,5,5.1
141,11/1/2005,5,5.1
142,12/1/2005,4.8,4.9
143,12/1/2005,4.8,4.9
144,1/1/2006,4.6,4.8
145,1/1/2006,4.6,4.8
146,2/1/2006,4.8,4.8
147,2/1/2006,4.8,4.8
148,3/1/2006,4.7,4.7
149,3/1/2006,4.7,4.7
150,4/1/2006,4.7,4.7
151,4/1/2006,4.7,4.7
152,5/1/2006,4.7,4.5
153,5/1/2006,4.7,4.5
154,6/1/2006,4.6,4.6
155,6/1/2006,4.6,4.6
156,7/1/2006,4.7,4.7
157,7/1/2006,4.7,4.7
158,8/1/2006,4.7,4.6
159,8/1/2006,4.7,4.6
160,9/1/2006,4.4,4.7
161,9/1/2006,4.4,4.7
162,10/1/2006,4.4,4.4
163,10/1/2006,4.4,4.4
164,11/1/2006,4.5,4.5
165,11/1/2006,4.5,4.5
166,12/1/2006,4.5,4.4
167,12/1/2006,4.5,4.4
168,1/1/2007,4.7,4.5
169,1/1/2007,4.7,4.5
170,2/1/2007,4.7,4.3
171,2/1/2007,4.7,4.3
172,3/1/2007,4.5,4.3
173,3/1/2007,4.5,4.3
174,4/1/2007,4.6,4.4
175,4/1/2007,4.6,4.4
176,5/1/2007,4.6,4.3
177,5/1/2007,4.6,4.3
178,6/1/2007,4.7,4.4
179,6/1/2007,4.7,4.4
180,7/1/2007,4.7,4.6
181,7/1/2007,4.7,4.6
182,8/1/2007,4.7,4.6
183,8/1/2007,4.7,4.6
184,9/1/2007,4.8,4.5
185,9/1/2007,4.8,4.5
186,10/1/2007,4.8,4.6
187,10/1/2007,4.8,4.6
188,11/1/2007,4.8,4.6
189,11/1/2007,4.8,4.6
190,12/1/2007,5.1,4.9
191,12/1/2007,5.1,4.9
192,1/1/2008,5.2,4.8
193,1/1/2008,5.2,4.8
194,2/1/2008,5,4.7
195,2/1/2008,5,4.7
196,3/1/2008,5.2,5
197,3/1/2008,5.2,5
198,4/1/2008,5.2,4.8
199,4/1/2008,5.2,4.8
200,5/1/2008,5.6,5.2
201,5/1/2008,5.6,5.2
202,6/1/2008,5.8,5.3
203,6/1/2008,5.8,5.3
204,7/1/2008,6.2,5.3
205,7/1/2008,6.2,5.3
206,8/1/2008,6.3,5.9
207,8/1/2008,6.3,5.9
208,9/1/2008,6.7,5.5
209,9/1/2008,6.7,5.5
210,10/1/2008,7.1,5.9
211,10/1/2008,7.1,5.9
212,11/1/2008,7.4,6.2
213,11/1/2008,7.4,6.2
214,12/1/2008,8,6.5
215,12/1/2008,8,6.5
216,1/1/2009,8.6,7
217,1/1/2009,8.6,7
218,2/1/2009,9.2,7.3
219,2/1/2009,9.2,7.3
220,3/1/2009,9.7,7.6
221,3/1/2009,9.7,7.6
222,4/1/2009,10.1,7.6
223,4/1/2009,10.1,7.6
224,5/1/2009,10.6,8
225,5/1/2009,10.6,8
226,6/1/2009,10.6,8.3
227,6/1/2009,10.6,8.3
228,7/1/2009,10.5,8.3
229,7/1/2009,10.5,8.3
230,8/1/2009,10.7,8.3
231,8/1/2009,10.7,8.3
232,9/1/2009,10.9,8.5
233,9/1/2009,10.9,8.5
234,10/1/2009,11.1,8.7
235,10/1/2009,11.1,8.7
236,11/1/2009,11,8.6
237,11/1/2009,11,8.6
238,12/1/2009,10.9,8.7
239,12/1/2009,10.9,8.7
240,1/1/2010,11,8.4
241,1/1/2010,11,8.4
242,2/1/2010,10.9,8.6
243,2/1/2010,10.9,8.6
244,3/1/2010,10.9,8.7
245,3/1/2010,10.9,8.7
246,4/1/2010,10.9,8.8
247,4/1/2010,10.9,8.8
248,5/1/2010,10.4,8.8
249,5/1/2010,10.4,8.8
250,6/1/2010,10.4,8.3
251,6/1/2010,10.4,8.3
252,7/1/2010,10.3,8.5
253,7/1/2010,10.3,8.5
254,8/1/2010,10.3,8.6
255,8/1/2010,10.3,8.6
256,9/1/2010,10.2,8.6
257,9/1/2010,10.2,8.6
258,10/1/2010,10.1,8.7
259,10/1/2010,10.1,8.7
260,11/1/2010,10.5,9
261,11/1/2010,10.5,9
262,12/1/2010,10,8.5
263,12/1/2010,10,8.5
264,1/1/2011,9.7,8.5
265,1/1/2011,9.7,8.5
266,2/1/2011,9.5,8.5
267,2/1/2011,9.5,8.5
268,3/1/2011,9.5,8.4
269,3/1/2011,9.5,8.4
270,4/1/2011,9.6,8.5
271,4/1/2011,9.6,8.5
272,5/1/2011,9.5,8.5
273,5/1/2011,9.5,8.5
274,6/1/2011,9.6,8.5
275,6/1/2011,9.6,8.5
276,7/1/2011,9.5,8.4
277,7/1/2011,9.5,8.4
278,8/1/2011,9.4,8.5
279,8/1/2011,9.4,8.5
280,9/1/2011,9.3,8.7
281,9/1/2011,9.3,8.7
282,10/1/2011,9.2,8.4
283,10/1/2011,9.2,8.4
284,11/1/2011,8.9,8.3
285,11/1/2011,8.9,8.3
286,12/1/2011,8.7,8.3
287,12/1/2011,8.7,8.3
288,1/1/2012,8.4,8.2
289,1/1/2012,8.4,8.2
290,2/1/2012,8.4,8.1
291,2/1/2012,8.4,8.1
292,3/1/2012,8.4,8
293,3/1/2012,8.4,8
294,4/1/2012,8.3,8
295,4/1/2012,8.3,8
296,5/1/2012,8.4,7.9
297,5/1/2012,8.4,7.9
298,6/1/2012,8.4,7.9
299,6/1/2012,8.4,7.9
300,7/1/2012,8.3,8
301,7/1/2012,8.3,8
302,8/1/2012,8.3,7.8
303,8/1/2012,8.3,7.8
304,9/1/2012,8,7.6
305,9/1/2012,8,7.6
306,10/1/2012,7.9,7.6
307,10/1/2012,7.9,7.6
308,11/1/2012,7.9,7.6
309,11/1/2012,7.9,7.6
310,12/1/2012,7.9,7.9
311,12/1/2012,7.9,7.9
312,1/1/2013,8.2,7.8
313,1/1/2013,8.2,7.8
314,2/1/2013,7.8,7.6
315,2/1/2013,7.8,7.6
316,3/1/2013,7.6,7.5
317,3/1/2013,7.6,7.5
318,4/1/2013,7.8,7.3
319,4/1/2013,7.8,7.3
320,5/1/2013,7.9,7.1
321,5/1/2013,7.9,7.1
322,6/1/2013,7.7,7.3
323,6/1/2013,7.7,7.3
324,7/1/2013,7.7,6.8
325,7/1/2013,7.7,6.8
326,8/1/2013,7.7,6.7
327,8/1/2013,7.7,6.7
328,9/1/2013,7.7,6.7
329,9/1/2013,7.7,6.7
330,10/1/2013,7.5,6.8
331,10/1/2013,7.5,6.8
332,11/1/2013,7.2,6.7
333,11/1/2013,7.2,6.7
334,12/1/2013,6.8,6.6
335,12/1/2013,6.8,6.6
336,1/1/2014,6.8,6.3
337,1/1/2014,6.8,6.3
338,2/1/2014,6.9,6.4
339,2/1/2014,6.9,6.4
340,3/1/2014,6.7,6.6
341,3/1/2014,6.7,6.6
342,4/1/2014,6.4,6.1
343,4/1/2014,6.4,6.1
344,5/1/2014,6.4,6.2
345,5/1/2014,6.4,6.2
346,6/1/2014,6.3,5.8
347,6/1/2014,6.3,5.8
348,7/1/2014,6.2,6.1
349,7/1/2014,6.2,6.1
350,8/1/2014,6.3,6
351,8/1/2014,6.3,6
352,9/1/2014,5.9,6
353,9/1/2014,5.9,6
354,10/1/2014,5.6,5.9
355,10/1/2014,5.6,5.9
356,11/1/2014,5.9,5.8
357,11/1/2014,5.9,5.8
358,12/1/2014,5.7,5.4
359,12/1/2014,5.7,5.4
360,1/1/2015,5.8,5.5
361,1/1/2015,5.8,5.5
362,2/1/2015,5.6,5.3
363,2/1/2015,5.6,5.3
364,3/1/2015,5.6,5.3
365,3/1/2015,5.6,5.3
366,4/1/2015,5.5,5.4
367,4/1/2015,5.5,5.4
368,5/1/2015,5.7,5.5
369,5/1/2015,5.7,5.5
370,6/1/2015,5.3,5.1
371,6/1/2015,5.3,5.1
372,7/1/2015,5.2,5.2
373,7/1/2015,5.2,5.2
374,8/1/2015,5.1,5
375,8/1/2015,5.1,5
376,9/1/2015,5.1,5
377,9/1/2015,5.1,5
378,10/1/2015,5.1,5
379,10/1/2015,5.1,5
380,11/1/2015,5.2,5
381,11/1/2015,5.2,5
382,12/1/2015,5.1,4.9
383,12/1/2015,5.1,4.9
384,1/1/2016,4.8,4.9
385,1/1/2016,4.8,4.9
386,2/1/2016,4.9,4.8
387,2/1/2016,4.9,4.8
388,3/1/2016,4.9,5.1
389,3/1/2016,4.9,5.1
390,4/1/2016,5.1,5
391,4/1/2016,5.1,5
392,5/1/2016,4.8,4.8
393,5/1/2016,4.8,4.8
394,6/1/2016,4.9,4.8
395,6/1/2016,4.9,4.8
396,7/1/2016,5,4.5
397,7/1/2016,5,4.5
398,8/1/2016,5,4.8
399,8/1/2016,5,4.8
400,9/1/2016,5.1,4.8
401,9/1/2016,5.1,4.8
402,10/1/2016,5,4.7
403,10/1/2016,5,4.7
404,11/1/2016,4.9,4.6
405,11/1/2016,4.9,4.6
406,12/1/2016,4.8,4.6
407,12/1/2016,4.8,4.6
408,1/1/2017,4.7,4.7
409,1/1/2017,4.7,4.7
410,2/1/2017,4.6,4.6
411,2/1/2017,4.6,4.6
412,3/1/2017,4.5,4.3
413,3/1/2017,4.5,4.3
414,4/1/2017,4.4,4.5
415,4/1/2017,4.4,4.5
416,5/1/2017,4.3,4.4
417,5/1/2017,4.3,4.4
418,6/1/2017,4.3,4.3
419,6/1/2017,4.3,4.3
420,7/1/2017,4.4,4.2
421,7/1/2017,4.4,4.2
422,8/1/2017,4.5,4.3
423,8/1/2017,4.5,4.3
424,9/1/2017,4.3,4.2
425,9/1/2017,4.3,4.2
426,10/1/2017,4.3,4
427,10/1/2017,4.3,4
428,11/1/2017,4.3,4.1
429,11/1/2017,4.3,4.1
430,12/1/2017,4.2,4.1
431,12/1/2017,4.2,4.1
432,1/1/2018,4.1,4
433,1/1/2018,4.1,4
434,2/1/2018,4,4.1
435,2/1/2018,4,4.1
436,3/1/2018,4,4
437,3/1/2018,4,4
438,4/1/2018,4.1,3.8
439,4/1/2018,4.1,3.8
440,5/1/2018,4,3.6
441,5/1/2018,4,3.6
442,6/1/2018,4.1,3.9
443,6/1/2018,4.1,3.9
444,7/1/2018,3.8,3.8
445,7/1/2018,3.8,3.8
446,8/1/2018,3.9,3.8
447,8/1/2018,3.9,3.8
448,9/1/2018,3.8,3.6
449,9/1/2018,3.8,3.6
450,10/1/2018,3.9,3.8
451,10/1/2018,3.9,3.8
452,11/1/2018,3.7,3.8
453,11/1/2018,3.7,3.8
454,12/1/2018,4,3.8
455,12/1/2018,4,3.8
456,1/1/2019,4,3.9
457,1/1/2019,4,3.9
458,2/1/2019,3.8,3.8
459,2/1/2019,3.8,3.8
460,3/1/2019,3.9,3.7
461,3/1/2019,3.9,3.7
462,4/1/2019,3.8,3.5
463,4/1/2019,3.8,3.5
464,5/1/2019,3.7,3.6
465,5/1/2019,3.7,3.6
466,6/1/2019,3.6,3.6
467,6/1/2019,3.6,3.6
468,7/1/2019,3.7,3.7
469,7/1/2019,3.7,3.7
470,8/1/2019,3.7,3.6
471,8/1/2019,3.7,3.6
472,9/1/2019,3.6,3.4
473,9/1/2019,3.6,3.4
474,10/1/2019,3.7,3.5
475,10/1/2019,3.7,3.5
476,11/1/2019,3.6,3.6
477,11/1/2019,3.6,3.6
478,12/1/2019,3.5,3.6
479,12/1/2019,3.5,3.6
480,1/1/2020,3.5,3.5
481,1/1/2020,3.5,3.5
482,2/1/2020,3.5,3.4
483,2/1/2020,3.5,3.4
484,3/1/2020,4.4,4.4
485,3/1/2020,4.4,4.4
486,4/1/2020,13.5,16.1
487,4/1/2020,13.5,16.1
488,5/1/2020,12.1,14.5
489,5/1/2020,12.1,14.5
490,6/1/2020,10.5,11.6
491,6/1/2020,10.5,11.6
492,7/1/2020,9.7,10.7
493,7/1/2020,9.7,10.7
494,8/1/2020,8.3,8.6
495,8/1/2020,8.3,8.6
496,9/1/2020,7.7,8.1
497,9/1/2020,7.7,8.1
498,10/1/2020,7,6.8
499,10/1/2020,7,6.8
500,11/1/2020,7,6.4
501,11/1/2020,7,6.4
502,12/1/2020,6.7,6.7
503,12/1/2020,6.7,6.7
504,1/1/2021,6.4,6.3
505,1/1/2021,6.4,6.3
506,2/1/2021,6.4,6.1
507,2/1/2021,6.4,6.1
508,3/1/2021,6.2,5.9
509,3/1/2021,6.2,5.9
510,4/1/2021,6.2,5.8
511,4/1/2021,6.2,5.8
512,5/1/2021,6,5.5
513,5/1/2021,6,5.5
514,6/1/2021,6,5.7
515,6/1/2021,6,5.7
516,7/1/2021,5.6,5.2
517,7/1/2021,5.6,5.2
518,8/1/2021,5.3,5
519,8/1/2021,5.3,5
520,9/1/2021,5,4.5
521,9/1/2021,5,4.5
522,10/1/2021,4.5,4.6
523,10/1/2021,4.5,4.6
524,11/1/2021,4.2,4.2
525,11/1/2021,4.2,4.2
526,12/1/2021,3.9,3.9
527,12/1/2021,3.9,3.9
528,1/1/2022,4.1,3.9
529,1/1/2022,4.1,3.9
530,<<<<<<< HEAD,,
531,=======,,
532,=======,,
533,=======,,
534,=======,,
535,DATE,LNS14000001,LNS14000002
536,1/1/2000,3.9,4.1
537,1/1/2000,3.9,4.1
538,2/1/2000,4.1,4.1
539,2/1/2000,4.1,4.1
540,3/1/2000,3.8,4.3
541,3/1/2000,3.8,4.3
542,4/1/2000,3.7,4
543,4/1/2000,3.7,4
544,5/1/2000,3.9,4.2
545,5/1/2000,3.9,4.2
546,6/1/2000,3.8,4.1
547,6/1/2000,3.8,4.1
548,7/1/2000,3.9,4.2
549,7/1/2000,3.9,4.2
550,8/1/2000,3.9,4.3
551,8/1/2000,3.9,4.3
552,9/1/2000,3.9,4
553,9/1/2000,3.9,4
554,10/1/2000,3.9,3.9
555,10/1/2000,3.9,3.9
556,11/1/2000,3.9,4
557,11/1/2000,3.9,4
558,12/1/2000,4,3.8
559,12/1/2000,4,3.8
560,1/1/2001,4.2,4.1
561,1/1/2001,4.2,4.1
562,2/1/2001,4.3,4.2
563,2/1/2001,4.3,4.2
564,3/1/2001,4.3,4.2
565,3/1/2001,4.3,4.2
566,4/1/2001,4.5,4.3
567,4/1/2001,4.5,4.3
568,5/1/2001,4.4,4.2
569,5/1/2001,4.4,4.2
570,6/1/2001,4.6,4.4
571,6/1/2001,4.6,4.4
572,7/1/2001,4.6,4.5
573,7/1/2001,4.6,4.5
574,8/1/2001,5,4.8
575,8/1/2001,5,4.8
576,9/1/2001,4.9,5
577,9/1/2001,4.9,5
578,10/1/2001,5.4,5.2
579,10/1/2001,5.4,5.2
580,11/1/2001,5.7,5.4
581,11/1/2001,5.7,5.4
582,12/1/2001,5.8,5.7
583,12/1/2001,5.8,5.7
584,1/1/2002,5.8,5.5
585,1/1/2002,5.8,5.5
586,2/1/2002,5.8,5.5
587,2/1/2002,5.8,5.5
588,3/1/2002,5.9,5.6
589,3/1/2002,5.9,5.6
590,4/1/2002,6,5.9
591,4/1/2002,6,5.9
592,5/1/2002,5.8,5.7
593,5/1/2002,5.8,5.7
594,6/1/2002,6,5.6
595,6/1/2002,6,5.6
596,7/1/2002,5.9,5.7
597,7/1/2002,5.9,5.7
598,8/1/2002,5.9,5.5
599,8/1/2002,5.9,5.5
600,9/1/2002,5.9,5.5
601,9/1/2002,5.9,5.5
602,10/1/2002,5.8,5.6
603,10/1/2002,5.8,5.6
604,11/1/2002,6.1,5.6
605,11/1/2002,6.1,5.6
606,12/1/2002,6.2,5.7
607,12/1/2002,6.2,5.7
608,1/1/2003,6.2,5.4
609,1/1/2003,6.2,5.4
610,2/1/2003,6.1,5.6
611,2/1/2003,6.1,5.6
612,3/1/2003,6.1,5.7
613,3/1/2003,6.1,5.7
614,4/1/2003,6.4,5.7
615,4/1/2003,6.4,5.7
616,5/1/2003,6.4,5.7
617,5/1/2003,6.4,5.7
618,6/1/2003,6.7,5.9
619,6/1/2003,6.7,5.9
620,7/1/2003,6.6,5.7
621,7/1/2003,6.6,5.7
622,8/1/2003,6.3,5.8
623,8/1/2003,6.3,5.8
624,9/1/2003,6.4,5.8
625,9/1/2003,6.4,5.8
626,10/1/2003,6.2,5.7
627,10/1/2003,6.2,5.7
628,11/1/2003,6.2,5.4
629,11/1/2003,6.2,5.4
630,12/1/2003,5.8,5.6
631,12/1/2003,5.8,5.6
632,1/1/2004,5.7,5.7
633,1/1/2004,5.7,5.7
634,2/1/2004,5.6,5.5
635,2/1/2004,5.6,5.5
636,3/1/2004,5.8,5.8
637,3/1/2004,5.8,5.8
638,4/1/2004,5.7,5.4
639,4/1/2004,5.7,5.4
640,5/1/2004,5.8,5.4
641,5/1/2004,5.8,5.4
642,6/1/2004,5.7,5.6
643,6/1/2004,5.7,5.6
644,7/1/2004,5.5,5.5
645,7/1/2004,5.5,5.5
646,8/1/2004,5.6,5.2
647,8/1/2004,5.6,5.2
648,9/1/2004,5.6,5.2
649,9/1/2004,5.6,5.2
650,10/1/2004,5.6,5.3
651,10/1/2004,5.6,5.3
652,11/1/2004,5.5,5.2
653,11/1/2004,5.5,5.2
654,12/1/2004,5.5,5.1
655,12/1/2004,5.5,5.1
656,1/1/2005,5.4,5.1
657,1/1/2005,5.4,5.1
658,2/1/2005,5.5,5.3
659,2/1/2005,5.5,5.3
660,3/1/2005,5.3,5.1
661,3/1/2005,5.3,5.1
662,4/1/2005,5.1,5.2
663,4/1/2005,5.1,5.2
664,5/1/2005,5,5.2
665,5/1/2005,5,5.2
666,6/1/2005,5,5.1
667,6/1/2005,5,5.1
668,7/1/2005,4.9,5.1
669,7/1/2005,4.9,5.1
670,8/1/2005,4.9,4.9
671,8/1/2005,4.9,4.9
672,9/1/2005,5,5.1
673,9/1/2005,5,5.1
674,10/1/2005,4.8,5.1
675,10/1/2005,4.8,5.1
676,11/1/2005,5,5.1
677,11/1/2005,5,5.1
678,12/1/2005,4.8,4.9
679,12/1/2005,4.8,4.9
680,1/1/2006,4.6,4.8
681,1/1/2006,4.6,4.8
682,2/1/2006,4.8,4.8
683,2/1/2006,4.8,4.8
684,3/1/2006,4.7,4.7
685,3/1/2006,4.7,4.7
686,4/1/2006,4.7,4.7
687,4/1/2006,4.7,4.7
688,5/1/2006,4.7,4.5
689,5/1/2006,4.7,4.5
690,6/1/2006,4.6,4.6
691,6/1/2006,4.6,4.6
692,7/1/2006,4.7,4.7
693,7/1/2006,4.7,4.7
694,8/1/2006,4.7,4.6
695,8/1/2006,4.7,4.6
696,9/1/2006,4.4,4.7
697,9/1/2006,4.4,4.7
698,10/1/2006,4.4,4.4
699,10/1/2006,4.4,4.4
700,11/1/2006,4.5,4.5
701,11/1/2006,4.5,4.5
702,12/1/2006,4.5,4.4
703,12/1/2006,4.5,4.4
704,1/1/2007,4.7,4.5
705,1/1/2007,4.7,4.5
706,2/1/2007,4.7,4.3
707,2/1/2007,4.7,4.3
708,3/1/2007,4.5,4.3
709,3/1/2007,4.5,4.3
710,4/1/2007,4.6,4.4
711,4/1/2007,4.6,4.4
712,5/1/2007,4.6,4.3
713,5/1/2007,4.6,4.3
714,6/1/2007,4.7,4.4
715,6/1/2007,4.7,4.4
716,7/1/2007,4.7,4.6
717,7/1/2007,4.7,4.6
718,8/1/2007,4.7,4.6
719,8/1/2007,4.7,4.6
720,9/1/2007,4.8,4.5
721,9/1/2007,4.8,4.5
722,10/1/2007,4.8,4.6
723,10/1/2007,4.8,4.6
724,11/1/2007,4.8,4.6
725,11/1/2007,4.8,4.6
726,12/1/2007,5.1,4.9
727,12/1/2007,5.1,4.9
728,1/1/2008,5.2,4.8
729,1/1/2008,5.2,4.8
730,2/1/2008,5,4.7
731,2/1/2008,5,4.7
732,3/1/2008,5.2,5
733,3/1/2008,5.2,5
734,4/1/2008,5.2,4.8
735,4/1/2008,5.2,4.8
736,5/1/2008,5.6,5.2
737,5/1/2008,5.6,5.2
738,6/1/2008,5.8,5.3
739,6/1/2008,5.8,5.3
740,7/1/2008,6.2,5.3
741,7/1/2008,6.2,5.3
742,8/1/2008,6.3,5.9
743,8/1/2008,6.3,5.9
744,9/1/2008,6.7,5.5
745,9/1/2008,6.7,5.5
746,10/1/2008,7.1,5.9
747,10/1/2008,7.1,5.9
748,11/1/2008,7.4,6.2
749,11/1/2008,7.4,6.2
750,12/1/2008,8,6.5
751,12/1/2008,8,6.5
752,1/1/2009,8.6,7
753,1/1/2009,8.6,7
754,2/1/2009,9.2,7.3
755,2/1/2009,9.2,7.3
756,3/1/2009,9.7,7.6
757,3/1/2009,9.7,7.6
758,4/1/2009,10.1,7.6
759,4/1/2009,10.1,7.6
760,5/1/2009,10.6,8
761,5/1/2009,10.6,8
762,6/1/2009,10.6,8.3
763,6/1/2009,10.6,8.3
764,7/1/2009,10.5,8.3
765,7/1/2009,10.5,8.3
766,8/1/2009,10.7,8.3
767,8/1/2009,10.7,8.3
768,9/1/2009,10.9,8.5
769,9/1/2009,10.9,8.5
770,10/1/2009,11.1,8.7
771,10/1/2009,11.1,8.7
772,11/1/2009,11,8.6
773,11/1/2009,11,8.6
774,12/1/2009,10.9,8.7
775,12/1/2009,10.9,8.7
776,1/1/2010,11,8.4
777,1/1/2010,11,8.4
778,2/1/2010,10.9,8.6
779,2/1/2010,10.9,8.6
780,3/1/2010,10.9,8.7
781,3/1/2010,10.9,8.7
782,4/1/2010,10.9,8.8
783,4/1/2010,10.9,8.8
784,5/1/2010,10.4,8.8
785,5/1/2010,10.4,8.8
786,6/1/2010,10.4,8.3
787,6/1/2010,10.4,8.3
788,7/1/2010,10.3,8.5
789,7/1/2010,10.3,8.5
790,8/1/2010,10.3,8.6
791,8/1/2010,10.3,8.6
792,9/1/2010,10.2,8.6
793,9/1/2010,10.2,8.6
794,10/1/2010,10.1,8.7
795,10/1/2010,10.1,8.7
796,11/1/2010,10.5,9
797,11/1/2010,10.5,9
798,12/1/2010,10,8.5
799,12/1/2010,10,8.5
800,1/1/2011,9.7,8.5
801,1/1/2011,9.7,8.5
802,2/1/2011,9.5,8.5
803,2/1/2011,9.5,8.5
804,3/1/2011,9.5,8.4
805,3/1/2011,9.5,8.4
806,4/1/2011,9.6,8.5
807,4/1/2011,9.6,8.5
808,5/1/2011,9.5,8.5
809,5/1/2011,9.5,8.5
810,6/1/2011,9.6,8.5
811,6/1/2011,9.6,8.5
812,7/1/2011,9.5,8.4
813,7/1/2011,9.5,8.4
814,8/1/2011,9.4,8.5
815,8/1/2011,9.4,8.5
816,9/1/2011,9.3,8.7
817,9/1/2011,9.3,8.7
818,10/1/2011,9.2,8.4
819,10/1/2011,9.2,8.4
820,11/1/2011,8.9,8.3
821,11/1/2011,8.9,8.3
822,12/1/2011,8.7,8.3
823,12/1/2011,8.7,8.3
824,1/1/2012,8.4,8.2
825,1/1/2012,8.4,8.2
826,2/1/2012,8.4,8.1
827,2/1/2012,8.4,8.1
828,3/1/2012,8.4,8
829,3/1/2012,8.4,8
830,4/1/2012,8.3,8
831,4/1/2012,8.3,8
832,5/1/2012,8.4,7.9
833,5/1/2012,8.4,7.9
834,6/1/2012,8.4,7.9
835,6/1/2012,8.4,7.9
836,7/1/2012,8.3,8
837,7/1/2012,8.3,8
838,8/1/2012,8.3,7.8
839,8/1/2012,8.3,7.8
840,9/1/2012,8,7.6
841,9/1/2012,8,7.6
842,10/1/2012,7.9,7.6
843,10/1/2012,7.9,7.6
844,11/1/2012,7.9,7.6
845,11/1/2012,7.9,7.6
846,12/1/2012,7.9,7.9
847,12/1/2012,7.9,7.9
848,1/1/2013,8.2,7.8
849,1/1/2013,8.2,7.8
850,2/1/2013,7.8,7.6
851,2/1/2013,7.8,7.6
852,3/1/2013,7.6,7.5
853,3/1/2013,7.6,7.5
854,4/1/2013,7.8,7.3
855,4/1/2013,7.8,7.3
856,5/1/2013,7.9,7.1
857,5/1/2013,7.9,7.1
858,6/1/2013,7.7,7.3
859,6/1/2013,7.7,7.3
860,7/1/2013,7.7,6.8
861,7/1/2013,7.7,6.8
862,8/1/2013,7.7,6.7
863,8/1/2013,7.7,6.7
864,9/1/2013,7.7,6.7
865,9/1/2013,7.7,6.7
866,10/1/2013,7.5,6.8
867,10/1/2013,7.5,6.8
868,11/1/2013,7.2,6.7
869,11/1/2013,7.2,6.7
870,12/1/2013,6.8,6.6
871,12/1/2013,6.8,6.6
872,1/1/2014,6.8,6.3
873,1/1/2014,6.8,6.3
874,2/1/2014,6.9,6.4
875,2/1/2014,6.9,6.4
876,3/1/2014,6.7,6.6
877,3/1/2014,6.7,6.6
878,4/1/2014,6.4,6.1
879,4/1/2014,6.4,6.1
880,5/1/2014,6.4,6.2
881,5/1/2014,6.4,6.2
882,6/1/2014,6.3,5.8
883,6/1/2014,6.3,5.8
884,7/1/2014,6.2,6.1
885,7/1/2014,6.2,6.1
886,8/1/2014,6.3,6
887,8/1/2014,6.3,6
888,9/1/2014,5.9,6
889,9/1/2014,5.9,6
890,10/1/2014,5.6,5.9
891,10/1/2014,5.6,5.9
892,11/1/2014,5.9,5.8
893,11/1/2014,5.9,5.8
894,12/1/2014,5.7,5.4
895,12/1/2014,5.7,5.4
896,1/1/2015,5.8,5.5
897,1/1/2015,5.8,5.5
898,2/1/2015,5.6,5.3
899,2/1/2015,5.6,5.3
900,3/1/2015,5.6,5.3
901,3/1/2015,5.6,5.3
902,4/1/2015,5.5,5.4
903,4/1/2015,5.5,5.4
904,5/1/2015,5.7,5.5
905,5/1/2015,5.7,5.5
906,6/1/2015,5.3,5.1
907,6/1/2015,5.3,5.1
908,7/1/2015,5.2,5.2
909,7/1/2015,5.2,5.2
910,8/1/2015,5.1,5
911,8/1/2015,5.1,5
912,9/1/2015,5.1,5
913,9/1/2015,5.1,5
914,10/1/2015,5.1,5
915,10/1/2015,5.1,5
916,11/1/2015,5.2,5
917,11/1/2015,5.2,5
918,12/1/2015,5.1,4.9
919,12/1/2015,5.1,4.9
920,1/1/2016,4.8,4.9
921,1/1/2016,4.8,4.9
922,2/1/2016,4.9,4.8
923,2/1/2016,4.9,4.8
924,3/1/2016,4.9,5.1
925,3/1/2016,4.9,5.1
926,4/1/2016,5.1,5
927,4/1/2016,5.1,5
928,5/1/2016,4.8,4.8
929,5/1/2016,4.8,4.8
930,6/1/2016,4.9,4.8
931,6/1/2016,4.9,4.8
932,7/1/2016,5,4.5
933,7/1/2016,5,4.5
934,8/1/2016,5,4.8
935,8/1/2016,5,4.8
936,9/1/2016,5.1,4.8
937,9/1/2016,5.1,4.8
938,10/1/2016,5,4.7
939,10/1/2016,5,4.7
940,11/1/2016,4.9,4.6
941,11/1/2016,4.9,4.6
942,12/1/2016,4.8,4.6
943,12/1/2016,4.8,4.6
944,1/1/2017,4.7,4.7
945,1/1/2017,4.7,4.7
946,2/1/2017,4.6,4.6
947,2/1/2017,4.6,4.6
948,3/1/2017,4.5,4.3
949,3/1/2017,4.5,4.3
950,4/1/2017,4.4,4.5
951,4/1/2017,4.4,4.5
952,5/1/2017,4.3,4.4
953,5/1/2017,4.3,4.4
954,6/1/2017,4.3,4.3
955,6/1/2017,4.3,4.3
956,7/1/2017,4.4,4.2
957,7/1/2017,4.4,4.2
958,8/1/2017,4.5,4.3
959,8/1/2017,4.5,4.3
960,9/1/2017,4.3,4.2
961,9/1/2017,4.3,4.2
962,10/1/2017,4.3,4
963,10/1/2017,4.3,4
964,11/1/2017,4.3,4.1
965,11/1/2017,4.3,4.1
966,12/1/2017,4.2,4.1
967,12/1/2017,4.2,4.1
968,1/1/2018,4.1,4
969,1/1/2018,4.1,4
970,2/1/2018,4,4.1
971,2/1/2018,4,4.1
972,3/1/2018,4,4
973,3/1/2018,4,4
974,4/1/2018,4.1,3.8
975,4/1/2018,4.1,3.8
976,5/1/2018,4,3.6
977,5/1/2018,4,3.6
978,6/1/2018,4.1,3.9
979,6/1/2018,4.1,3.9
980,7/1/2018,3.8,3.8
981,7/1/2018,3.8,3.8
982,8/1/2018,3.9,3.8
983,8/1/2018,3.9,3.8
984,9/1/2018,3.8,3.6
985,9/1/2018,3.8,3.6
986,10/1/2018,3.9,3.8
987,10/1/2018,3.9,3.8
988,11/1/2018,3.7,3.8
989,11/1/2018,3.7,3.8
990,12/1/2018,4,3.8
991,12/1/2018,4,3.8
992,1/1/2019,4,3.9
993,1/1/2019,4,3.9
994,2/1/2019,3.8,3.8
995,2/1/2019,3.8,3.8
996,3/1/2019,3.9,3.7
997,3/1/2019,3.9,3.7
998,4/1/2019,3.8,3.5
999,4/1/2019,3.8,3.5
1000,5/1/2019,3.7,3.6
1001,5/1/2019,3.7,3.6
1002,6/1/2019,3.6,3.6
1003,6/1/2019,3.6,3.6
1004,7/1/2019,3.7,3.7
1005,7/1/2019,3.7,3.7
1006,8/1/2019,3.7,3.6
1007,8/1/2019,3.7,3.6
1008,9/1/2019,3.6,3.4
1009,9/1/2019,3.6,3.4
1010,10/1/2019,3.7,3.5
1011,10/1/2019,3.7,3.5
1012,11/1/2019,3.6,3.6
1013,11/1/2019,3.6,3.6
1014,12/1/2019,3.5,3.6
1015,12/1/2019,3.5,3.6
1016,1/1/2020,3.5,3.5
1017,1/1/2020,3.5,3.5
1018,2/1/2020,3.5,3.4
1019,2/1/2020,3.5,3.4
1020,3/1/2020,4.4,4.4
1021,3/1/2020,4.4,4.4
1022,4/1/2020,13.5,16.1
1023,4/1/2020,13.5,16.1
1024,5/1/2020,12.1,14.5
1025,5/1/2020,12.1,14.5
1026,6/1/2020,10.5,11.6
1027,6/1/2020,10.5,11.6
1028,7/1/2020,9.7,10.7
1029,7/1/2020,9.7,10.7
1030,8/1/2020,8.3,8.6
1031,8/1/2020,8.3,8.6
1032,9/1/2020,7.7,8.1
1033,9/1/2020,7.7,8.1
1034,10/1/2020,7,6.8
1035,10/1/2020,7,6.8
1036,11/1/2020,7,6.4
1037,11/1/2020,7,6.4
1038,12/1/2020,6.7,6.7
1039,12/1/2020,6.7,6.7
1040,1/1/2021,6.4,6.3
1041,1/1/2021,6.4,6.3
1042,2/1/2021,6.4,6.1
1043,2/1/2021,6.4,6.1
1044,3/1/2021,6.2,5.9
1045,3/1/2021,6.2,5.9
1046,4/1/2021,6.2,5.8
1047,4/1/2021,6.2,5.8
1048,5/1/2021,6,5.5
1049,5/1/2021,6,5.5
1050,6/1/2021,6,5.7
1051,6/1/2021,6,5.7
1052,7/1/2021,5.6,5.2
1053,7/1/2021,5.6,5.2
1054,8/1/2021,5.3,5
1055,8/1/2021,5.3,5
1056,9/1/2021,5,4.5
1057,9/1/2021,5,4.5
1058,10/1/2021,4.5,4.6
1059,10/1/2021,4.5,4.6
1060,11/1/2021,4.2,4.2
1061,11/1/2021,4.2,4.2
1062,12/1/2021,3.9,3.9
1063,12/1/2021,3.9,3.9
1064,1/1/2022,4.1,3.9
1065,1/1/2022,4.1,3.9
1066,>>>>>>> main,,
